"Title","Canadian Total Exports"
"Industries","NAICS 3345 - Navigational, Measuring, Medical and Control Instruments Manufacturing"
"","NAICS 3346 - Manufacturing and Reproducing Magnetic and Optical Media"
"Origin","Canada"
"Destination","All Countries (Detailed)"
"Period","Latest 10 years"
"Units","Value in  Canadian dollars"

"","2007","2008","2009","2010","2011","2012","2013","2014","2015","2016"
"NAICS 3345 - Navigational, Measuring, Medical and Control Instruments Manufacturing"
"United States","2572075386","2633356589","2283648674","2276116431","2397773083","2511026982","2537022728","2834049361","3480740047","3634833824"
"China","147642671","204066530","209602356","177302085","192257310","226338942","252921550","253230486","299343580","366253795"
"United Kingdom","136423582","155517096","121516839","163067921","149311595","129691631","154060964","229817635","309620741","222926753"
"Germany","112593746","146713329","135829577","115823640","142026500","120632367","133102133","144331610","164188440","179837918"
"Japan","89695793","84865482","58060091","55315823","62657228","67082959","73653809","74329178","92761113","102443078"
"France (incl. Monaco, French Antilles)","69677129","66383595","63674545","63365280","76064462","74574525","94998154","96433039","91332764","98094368"
"Korea, South","59644362","54916911","73416597","56155952","58283711","64100060","60285819","66547989","82594423","83449954"
"Mexico","50534379","77012388","42244799","38218281","58365795","50347664","49556806","63320296","73606957","80948185"
"Australia","45519630","65883173","49871750","56288788","82764461","80031814","73966920","64953170","78228332","78368093"
"Hong Kong","33363606","29068941","31154011","32350657","41720087","49029495","51450751","61876060","66853365","68866436"
"Singapore","43807084","53249655","60785699","53332800","57224957","58519857","62929228","62585362","72509431","67910708"
"Sweden","19946142","18902992","18482327","21395491","20580825","21141236","17298911","27084052","22694464","61644381"
"Italy (incl. Vatican City State)","56706698","55816588","49599260","47270166","39815230","39632924","44695718","43426578","57543737","56422379"
"India","61444267","48214221","53778190","45024039","50498977","37911051","50116646","45241821","51037934","44515416"
"Switzerland","14754433","21970161","15648471","32349171","29763531","30438931","31520940","34145653","34116900","42484225"
"Russia","38268976","44858087","28240645","22719547","51632117","63855147","64319902","37025402","26322733","42196403"
"Brazil","32335161","41213809","49433021","50240633","57703152","54195930","52478307","48242719","42645913","41468557"
"Netherlands","109933743","58671855","48539107","28609043","20001481","23056095","27031798","36492578","38476622","41025057"
"United Arab Emirates","23082962","31215058","31015255","27891632","26691530","42060865","31922506","28402199","40106932","29659304"
"Taiwan","31071816","25558742","21992390","32229360","22249590","24208468","24147143","18270578","28362299","28365433"
"Saudi Arabia","19554434","28567952","21961894","25479893","29582733","32862499","28123663","32245791","38924862","27125771"
"Poland","7475936","8140961","9356716","6410734","11419599","15464661","13167115","13449936","32968877","26749598"
"Norway","32671666","33448212","19878293","26673444","26223132","24681786","19125214","29536864","27461384","22803456"
"Spain","24719721","30853289","16148583","29128785","16984358","15190283","12173583","15795425","15755958","20576095"
"Argentina","7503448","8760198","9375684","7718863","12290220","10522093","13787112","14604180","11408180","19945551"
"Malaysia","17653949","20397701","17342616","17095664","18737079","22745984","30411570","41110169","33961793","18557034"
"Thailand","14610641","8886268","17682119","9621394","8822659","12348103","12652134","14380851","20098405","18292925"
"Turkey","12047435","12680686","15979210","8279202","14362365","16826825","13805697","18721037","18148677","17624277"
"Chile","12683253","13560788","13638494","12870016","16302351","17236685","16078159","13769610","15450850","17401184"
"Finland","17497348","14224843","15379907","12002253","12907756","23648111","22089275","18171976","12174564","17318669"
"Austria","13564997","20537569","9112876","10608635","11798790","11420751","12133735","18420918","13794806","17136667"
"South Africa","23004508","23318195","21970460","18158303","26919269","23327612","21742179","20800187","20008236","16704127"
"Israel","10792478","10099704","11123489","9592281","9121465","9209297","13009592","11795932","17973113","15903211"
"Denmark","9111423","12350757","10969026","9465447","12404537","11714384","22168293","23874932","17663462","13852577"
"Indonesia","8068458","5685348","6739541","5770171","9840410","15437778","14817697","14930968","21265775","11743207"
"Belgium","13520873","19273956","29024287","38600243","37625721","22436173","15506717","11248981","15751510","11336886"
"Peru","15262268","14352588","9642862","8697377","8553370","9704699","13173322","10741143","12632937","11003754"
"New Zealand","7460631","6875331","9796899","8445702","10607224","11395670","8178565","9559916","8186394","9837674"
"Vietnam","3174649","6103478","4195817","5269977","5397974","6499166","8238376","9761178","7552158","8982705"
"Egypt","8684353","8542806","6496679","5264138","2843770","2356937","4921004","8453532","5176860","8120660"
"Pakistan","10304869","7438811","2743004","5543812","2080019","3800088","3292170","5052831","17158326","8068173"
"Czech Republic","7548618","7201360","4260771","5638048","3752325","6090290","7189695","7848552","8628099","7789568"
"Colombia","10390067","9605031","13540165","10559399","18254303","28873608","18248321","21093147","12716660","7454202"
"Philippines","2020726","7569280","4301565","2190821","3814892","8039375","7148684","4841389","4833878","7298992"
"Cuba","8943988","11875082","4561376","6337395","6815104","5863137","5967826","6582603","9888732","6422130"
"Ireland","12529220","11848905","6193316","8003940","12148461","13552188","7510218","7629640","4830485","6188900"
"Kuwait","2454572","4151411","4036769","3166608","3669605","3735281","3952392","3880761","5244092","5878887"
"Qatar","3727624","3369256","3057525","2902379","5320298","9135571","6008159","7617193","4547302","4832516"
"Hungary","4726510","3847661","4358442","1891431","2176732","4021007","6737455","6171303","6293024","4419360"
"Oman (formerly Muscat and Oman)","2090711","3651852","3995162","5439017","3727957","3784680","6025363","4329121","5154572","4397851"
"Curacao","","","","","","","","434083","2249187","4347799"
"Latvia","363234","2649917","623988","1095331","1586930","992330","5875363","2592171","2050914","3539773"
"Trinidad and Tobago","2375908","3457920","13916003","1572000","3494526","1068725","1731365","3084045","5221889","3506438"
"Bangladesh","973477","690735","1953128","773292","2989967","1092295","9592255","2565757","5819104","3451149"
"Iran","5661993","13113560","11256810","3782632","6247176","3248734","690422","534849","368966","3133818"
"Ecuador","4927333","2326870","3978594","3340865","4030851","4853698","3907527","4702255","4154274","3090921"
"Kazakhstan","7361521","7890467","7267352","6560802","4094212","5718270","12786527","5774844","9497144","2892205"
"Iceland","1782540","708211","926287","1635384","1852512","1721508","2274876","1205738","750416","2817067"
"Congo (formerly Brazzaville)","1370939","1642001","1397486","298552","2469959","1705083","795713","4502728","3028954","2741869"
"Lebanon","1104959","920240","1600892","563107","1241813","807638","700478","1067391","910312","2683296"
"Ukraine","5441953","4642717","2027070","1907062","2760227","4245315","3438255","1930419","1831159","2675034"
"Costa Rica","1176197","1374995","3726590","2598929","4432556","2184048","2128146","1997823","2864711","2670853"
"Bolivia","569278","326039","1112022","712242","957112","5229110","1073460","1382299","3374863","2431875"
"Romania","2618349","3320733","5609525","6040315","2791268","3106590","3766366","2575482","3586612","2395307"
"Algeria","6658755","7799040","546056","927078","5799644","4062232","3330689","1913362","1843205","2323477"
"Venezuela","12103158","9964177","2921066","5096340","8824764","8043362","17987977","9221185","4564023","2116409"
"Slovenia","3661800","1328816","2045283","639686","460171","545459","685371","1053204","1572590","2056327"
"Uruguay","770240","616949","672335","1605044","811950","2414378","1095240","1867268","2351742","1923878"
"Luxembourg","1084987","669549","2451883","316780","398342","367466","447970","1012434","640572","1913239"
"Morocco","1022355","1475844","1522361","1621285","3003740","2418087","1445832","2027652","2161867","1856701"
"Nigeria","3025375","2334960","6242746","2758918","3081196","6013067","5377046","3804969","4478300","1854909"
"Dominican Republic","587795","1473986","769279","2437367","2621367","1899224","2896443","2376254","1626351","1846574"
"Panama","1294639","1443310","2702277","1395224","2152885","868337","1573867","1357738","657430","1794431"
"Iraq","6758968","4275809","3726905","3788491","2975739","3098254","9382705","4377358","2333753","1762477"
"Turkmenistan","1500890","1310328","193815","655591","2427267","2460816","630914","975456","483599","1752525"
"Portugal","3654345","4094401","2521021","3012557","1876981","1448743","4208930","3188372","1489469","1748416"
"Mozambique","194260","256486","105533","282400","364950","191033","139259","651153","267841","1718107"
"Lithuania","2235526","1206695","624819","748331","1685264","1972349","3306808","1439162","5799105","1705601"
"Bulgaria","582669","844991","760507","1331048","371710","381752","573433","629738","1508163","1660936"
"Ethiopia","252011","356470","1760493","346494","1212068","737496","1029617","1661829","1045990","1624998"
"Croatia","2132222","2007271","1547596","1011145","685507","763547","2019058","2163449","2641828","1542712"
"Guatemala","738804","597377","477586","871359","1830954","1806655","1422914","1013470","1051867","1441854"
"Barbados","558185","1214042","1715474","579512","687000","345475","1363468","1096829","391921","1381619"
"Sri Lanka","905580","6214547","603347","444524","380383","1374012","417814","784338","891659","1319454"
"Kenya","871336","1346743","1034436","3061884","1155492","1937213","1626510","1879616","2503195","1303750"
"Jamaica","919882","824846","580131","379679","852488","1312987","700672","2549165","561667","1150430"
"Jordan","845958","1112378","1989908","772631","655178","1513333","677888","1308092","1375548","1131326"
"Ghana","269364","851144","805583","1657002","892126","1031771","1191170","375822","841791","1051624"
"Greenland","102173","56291","1709396","180755","911804","1097080","656350","1069828","619031","997483"
"Slovakia","1070328","1631071","1200073","1052003","865221","1477313","1538948","1269989","2772000","967935"
"Angola","1533206","1416468","1653960","591373","1002200","1345427","318773","1141842","850120","921326"
"Myanmar (Burma)","","","29386","2567","651937","47956","341990","1286377","2170674","878561"
"Honduras","253820","297327","498225","1087642","659021","403901","443899","2620456","476784","872143"
"Tanzania","2032115","2629288","904660","391721","564432","948246","1870082","711022","722805","823418"
"Greece","4127199","3521796","3716519","2113768","4065938","1277687","1166250","2344343","1852380","814130"
"Côte-d'Ivoire","366205","829833","213627","104273","27114","239276","347293","1609473","624838","807256"
"Tunisia","1232025","1061577","4778267","978263","1994523","1641098","7709523","966281","626640","783620"
"Suriname","87589","203313","84713","1831277","73932","153155","685770","454089","1005068","757292"
"Mauritius","99279","952354","422379","283224","189552","306727","505839","479911","547218","751688"
"El Salvador","453007","8409618","5861130","1267831","609908","367127","634377","1047799","2291468","748771"
"Mongolia","994571","1127248","290052","1499700","3210522","2642306","1318276","281212","262480","741878"
"Serbia","265119","492012","218961","396829","585591","1014629","1086669","1426401","1065175","732211"
"Macedonia","47745","23829","46510","69951","142739","17652","66099","51031","127500","701253"
"Maldives","775","20056","66436","91127","99724","76386","370918","310611","573211","678512"
"Malta","171387","92557","122229","324270","346699","245862","276780","570849","204289","665776"
"Albania","533836","812585","1201660","1357612","1106622","1727794","2615378","2327296","335994","609720"
"Bahrain","1154246","847555","893218","866574","1724252","2031097","1483231","780116","2591766","597065"
"Laos","94154","256153","342130","265984","209427","363467","213102","199975","145301","580836"
"Dominica","208244","75500","160077","93","39186","7060","14104","33877","35395","523186"
"Burkina Faso","346504","537027","571331","1159452","756800","785111","571058","679850","356943","495107"
"Belarus (formerly Byelorussia)","686902","1465009","4402","35424","40309","60557","342558","975275","796270","477199"
"Guyana","212104","135393","130870","446896","1087677","441137","203420","215626","181455","451907"
"Uganda","140802","1125537","1010257","1156580","279513","1207011","403956","574201","1423630","421392"
"Fiji","106177","15511","42000","70283","50377","410165","21204","28763","181584","415121"
"Aruba","41128","505333","764543","471592","239630","248374","424918","63699","386152","399975"
"Nepal","","68023","98919","10368","47897","235636","312917","460514","1035697","383172"
"Nicaragua","794856","178683","238172","106067","369044","280990","231048","176368","549440","367925"
"Libya","4162569","13085591","6277544","17512194","380643","5624141","2217372","1613342","546153","357658"
"Faeroe Islands","147168","51666","53030","214586","25412","88577","55346","425964","51875","356579"
"Mali","206397","143063","546021","126110","194315","287085","41507","278973","324368","354082"
"Madagascar","497354","275144","692356","3896586","1362466","1336168","709119","532894","301044","347133"
"Georgia","253796","111418","219241","55806","241285","340294","887472","241939","283094","342354"
"Sint Maarten","","","","","","","","150220","182849","327549"
"Bermuda","615409","842371","268940","229760","215077","400957","928950","429962","273920","319318"
"Papua New Guinea","146140","863945","4549281","498781","1348488","1504228","537905","777698","498064","317489"
"Botswana","729882","432879","101000","470225","78851","243714","346655","347464","736177","294754"
"Kyrgyzstan","759475","376329","234091","98437","321458","288516","419610","64140","307949","286665"
"Cayman Islands","142374","352297","104906","58737","170764","124512","535190","519694","235612","286029"
"Gabon","787550","386192","1823172","1033458","257469","476914","1700187","687270","236126","271664"
"Bahamas","312442","58855","113429","79656","258536","258522","1176646","236252","327255","243011"
"Zimbabwe","9419","29765","80556","31694","827530","40216","201578","467087","99071","229078"
"Brunei Darussalam","69649","76514","421811","96818","188225","630661","553571","509814","108953","223772"
"Estonia","268346","334545","198922","269059","318669","431444","310937","2845506","2872619","212274"
"Cameroon","154824","634534","286789","99097","236351","720268","202168","135585","101008","209992"
"Djibouti","5000","","15650","4679","37147","78956","172621","20487","94425","203724"
"South Sudan","","","","","","","","40734","42275","193978"
"Antartica","","85683","215394","146352","270224","27357","207535","110756","287514","186242"
"Rwanda","40495","7349","3201","164562","118872","73337","","129782","38599","184296"
"Paraguay","200102","826920","212765","144680","159643","155571","133821","363278","211130","183446"
"Zambia (Zambi)","125080","97538","170048","42665","112812","73227","122100","680344","166815","177179"
"Macau (Macao)","115688","325593","114111","38013","70513","135848","203906","260929","341077","176563"
"Christmas Island","","1386","","4693","54692","","","29851","39791","170528"
"Congo (formerly Zaire)","1603040","1356829","177960","284684","229235","41861","105118","1904570","37493","168465"
"Malawi","3259","","17380","","","20905","67264","19514","2767","165767"
"Azerbaijan","4909996","2409912","375825","553019","1939062","1082316","1906963","665884","588778","165249"
"Swaziland","64289","28959","16777","10224","130656","49578","62482","38957","62471","164000"
"Haiti","1349803","145864","29209","262999","487706","95097","85705","1095381","461789","150979"
"Equatorial Guinea","19909","6151212","1534842","271005","5856673","318513","186278","715442","475048","150165"
"Namibia","155677","668175","83196","234920","196426","207266","66753","873942","334405","149681"
"British Virgin Islands","25297","1764441","891700","12220","23396","49251","74785","130048","3878","130444"
"Armenia","67774","52565","328697","106453","57001","138703","154279","79876","140940","129298"
"Uzbekistan","1678150","1556421","557220","169764","110354","1415849","290751","450847","59934","124369"
"Saint Vincent and the Grenadines","94640","115736","56496","799216","10774","7260","79733","7793","2004094","117192"
"Afghanistan","618460","246830","374509","815655","1105456","517530","586362","618595","185501","115768"
"Seychelles","37653","151244","104456","312230","2638670","247797","285939","278655","9089","107568"
"Guam","76556","245734","266497","118602","175969","23351","665660","239594","116930","102910"
"Timor-Leste","","","70622","6240","173881","","","","","101222"
"Cyprus","365124","56597","342269","347793","174949","111761","713298","924756","219873","99179"
"Turks and Caicos Islands","289134","57850","108751","27639","83892","160489","92710","273585","57039","96909"
"Cambodia (Kampuchea)","122693","160669","71458","9000","534916","148659","148126","161526","190616","95319"
"Senegal","58106","225111","548296","245446","81015","303431","1403949","663758","190022","94123"
"Niger","170030","14807","15235","126232","317413","326027","904775","462719","177399","84929"
"Chad","101640","17208","200428","3717","9140","200543","78106","419942","97346","71348"
"Saint Lucia","237410","289594","547972","8698","54490","509554","9044","48650","191874","66259"
"Bosnia-Hercegovina","127204","961154","35627","101304","52771","76979","86737","68952","53339","63866"
"Guinea-Bissau","4346","1872","","","","","","","","57230"
"Grenada","37707","122435","48672","42960","45934","203910","54662","155261","16527","57188"
"New Caledonia","211236","283248","435511","195638","160010","66711","122713","83240","235516","56509"
"Tajikistan","47025","96481","200198","7297","42115","","","334053","24452","55107"
"U.S. Minor Outlying Islands","7309","118017","253833","61624","307569","543174","42570","62039","131439","53407"
"Cape Verde","","","13051","37900","61780","","","3154","77396","48568"
"Somalia","","15150","","19640","","11200","27146","","","47372"
"Saint Pierre-Miquelon","37478","29345","118092","64179","215656","72408","12608","212054","31445","46398"
"Eritrea","164205","17288","11129","158395","68531","455991","194","397238","229289","41473"
"Belize","62886","108168","71920","131732","132026","110479","149487","2028662","20973","36235"
"Liberia","50549","21099","116499","149735","453090","341871","3910116","124230","2280415","27372"
"Yemen","914143","1891422","395739","1103647","1109200","140347","1097487","1948640","216322","27174"
"Bhutan","126108","","373","4625","26675","","28358","94488","16420","26091"
"Guinea","208533","301268","354878","279611","656964","424925","1588248","343891","1726621","24058"
"Mauritania","90506","79936","187574","93652","336172","1215682","2088994","252345","170316","20892"
"Syria","654147","2020971","2017592","1127002","1637781","104949","","","3760","20611"
"Benin","11664","887072","6048","11666","1448460","36448","182020","636552","445323","19232"
"Saint Kitts and Nevis","425856","48797","240373","578","44419","53190","63420","2952484","109885","18944"
"Comoros","","","143745","1340","22308","","2479","32526","5144","14600"
"French Polynesia","149530","53557","50541","202285","67178","116554","40627","30496","26483","13317"
"Montserrat","8607","","28063","","","5728","2930","","5917","12417"
"Vanuatu (New Hebrides)","","8335","22829","7088","38720","6321","59174","3680","87","11969"
"Togo","","20000","3190","121982","5817","80676","1285","17884","11500","9957"
"Sudan","7465086","553011","169457","525947","275902","1085377","1176681","583852","249711","8775"
"Sierra Leone","774755","92776","132500","202003","253289","940556","1242391","97768","980629","8728"
"Montenegro","3870","100075","","13565","","120170","69102","282789","","7677"
"Antigua and Barbuda","152089","284092","820509","289940","314444","163522","139619","133416","8522","5508"
"Saint Helena","","","","","5798","","","697959","1047","3210"
"American Samoa","3845","","778","26204","","16065","105948","31831","144906","3026"
"Bonaire, Sint Eustatius and Saba","","","","","","","","","193615","2800"
"Norfolk Island","36435","","287869","","","","11405","","80","2092"
"Moldova","9925","16002","11766","101412","69963","2026","","","","1844"
"Sao Tomé-Principe","","","","3305","","","","","","1777"
"Solomon Islands","48874","","14106","3902","","87418","15136","","","770"
"Central African Republic","","","","7540","3485","4288","12776","","","767"
"Anguilla","12015","775","44293","26680","15818","2950","","4928","18010","642"
"Gambia","","","","","","9256","","19332","","616"
"Lesotho","","","","","","","2750","","","563"
"Pitcairn Island","","","","","","","","","","507"
"Burundi","52437","224","","10544","","61393","4669","","","490"
"Tonga","","19000","","","","18852","","","7407",""
"Gibraltar","7128","","40973","32192","","","29922","29420","6220",""
"Andorra","","","21992","32433","","","","","4068",""
"Kiribati","","","","6244","45537","","3125","6450","",""
"Netherlands Antilles","2423461","2260922","605383","1283077","883275","730907","540448","","",""
"British Indian Ocean Territories","344","10740","","","","","109904","","",""
"Falkland Islands","14298","","","","53","","60286","","",""
"Cocos (Keeling) Islands","","","","6703","12367","10472","11472","","",""
"Samoa (Western)","3971","","","7909","","","3201","","",""
"Korea, North","350443","12957","67566","106903","25042","3014","","","",""
"Nauru","","","16767","1435","","","","","",""
"High Seas","100","","","","","","","","",""
"Heard and McDonald Island","","","","","","","","","",""
"Sub-Total","4234329135","4465697516","3924798929","3843380716","4138476631","4300522347","4446063462","4837104318","5734111820","5877172189"
"NAICS 3346 - Manufacturing and Reproducing Magnetic and Optical Media"
"United States","316795268","253177108","201802214","188634745","152181626","155011009","121770657","131744718","227276973","192077624"
"China","7010076","8726214","14623199","11873634","10024015","14130333","12993146","15397962","21704627","21044756"
"Mexico","5120745","12452974","19709422","24694127","20750583","8485082","10978717","1121754","1502820","14080980"
"United Kingdom","22670371","13241586","12222582","9031976","14427599","9637906","6398459","7632648","7686062","7660557"
"Japan","10730254","10895030","13355998","15463645","10091126","9473183","7247671","7937114","4712306","5155082"
"Germany","8034306","8541471","5500458","10758235","6580912","10140734","7414717","6010480","6367324","5064166"
"France (incl. Monaco, French Antilles)","7178050","5736089","4754498","5312298","4059486","3565611","2906002","3948096","5628872","4746313"
"Czech Republic","531970","4494642","941667","148164","384687","107014","95336","168477","269265","4043295"
"Korea, South","4258713","7646875","4461444","3811472","5380029","3796854","4434140","4348879","3326686","3498349"
"Switzerland","2372082","1972616","2094476","1652276","1241932","1416139","1846026","3079834","4629054","3055814"
"Singapore","3699511","4864414","6800958","5109817","3061572","2264043","2820461","2631541","3669969","3027340"
"India","9173002","6679087","6026857","5869778","3943147","3438419","2942120","4245466","4522391","2863544"
"Australia","5448702","3869343","5088074","4031404","5133555","6848128","2767355","2733653","3087210","2484591"
"Hong Kong","7036059","4205656","10382858","4425154","3291573","3791373","13405770","11805769","2149365","2431003"
"Italy (incl. Vatican City State)","3384762","2715957","3858056","3044715","2242790","1261439","1030916","1566730","1608545","1932903"
"Hungary","142205","5401837","4973395","10113631","18974273","4024834","1809131","200924","164301","1898665"
"Peru","202849","144134","229182","373952","233589","512679","219215","394226","392407","1887208"
"Netherlands","4885541","5405644","7076134","7257325","2866244","1938668","2391557","2231958","1540143","1596889"
"Israel","690475","959208","716811","780752","895596","464390","354972","469512","1942173","1591739"
"Taiwan","2240731","3106556","969080","4061107","4558247","3603888","3181911","2031858","1293850","1223161"
"Spain","5729736","1218803","895024","741659","1314191","730964","676051","1132903","1243645","1081201"
"Argentina","2537690","1001967","1102474","1023669","593461","12910889","1608909","1146173","2250289","1004987"
"United Arab Emirates","786875","1980915","935533","701775","1412462","2237036","351203","894712","2198279","964984"
"Russia","1599921","1077839","761516","1031224","1147496","738312","871271","828209","961650","846861"
"South Africa","948154","1166539","674410","2780691","1198714","1312805","850327","1041905","977781","811712"
"Turkey","1154683","781327","874746","1468233","401416","2583278","598638","2431227","2038484","788200"
"Sweden","1478702","1018988","950729","1001423","631985","596315","478255","1427766","1977945","713999"
"Thailand","499487","1246467","281121","1375851","836031","1177710","883672","654357","1008903","704441"
"Bahrain","5181","12524","37386","48455","16035","28750","14664","6345","53277","680235"
"Poland","334303","351246","457661","407086","554790","416301","363898","500891","550921","553280"
"Angola","80412","55252","111541","138298","19882","77091","","5320","1","476172"
"Belgium","19253289","13371282","8839418","6033687","2760459","2849094","2758694","1577739","464730","462894"
"Brazil","2134452","4030515","2866277","2579708","2670392","1609741","2406481","1136390","1311608","411398"
"Vietnam","540770","117389","229958","170982","69283","78765","81795","152462","211794","407648"
"Chile","1003335","831956","268127","351081","349935","434957","428261","555209","482822","384147"
"Finland","944752","753608","308246","365392","346462","291193","225908","632050","230470","375905"
"Malaysia","1040256","1294971","871123","1064628","1237968","996725","785938","401096","508712","362052"
"Greece","389989","481200","181261","84382","217875","94744","41480","25427","168716","289254"
"Guatemala","232991","256602","54625","63105","33025","105245","40983","60689","79867","276137"
"Cuba","467505","319570","58903","258423","160630","129235","1070286","232497","259642","256834"
"Colombia","297574","847477","608348","722678","389828","574538","278931","304434","423515","244583"
"Panama","237659","107603","22927","102890","24751","10481","25814","57130","46470","244338"
"Austria","676656","324364","364799","438923","50861","151443","86920","125743","133932","192277"
"Qatar","193047","457196","221975","157778","274593","302627","218670","550305","429613","188341"
"Philippines","263369","319022","364794","716929","508618","134726","125631","341140","228639","176241"
"Morocco","103516","186714","75726","335645","52806","41496","113186","38116","290090","172032"
"Saudi Arabia","826241","1625627","433145","306284","937499","363799","501164","488809","513757","164971"
"Jordan","87378","27497","30224","9640","16559","86131","151702","78653","165675","158838"
"Madagascar","2167","11607","152344","199505","33242","52236","596","5301","349","158364"
"Norway","804697","573909","391517","217132","295817","206485","250223","208939","79678","146191"
"Lebanon","143782","135684","88086","35100","83572","21210","17094","21378","35894","138034"
"Paraguay","6141","6508","25","30866","1783","107","453249","11753","20072","137817"
"Egypt","184768","297558","195798","288270","89325","68025","68469","335827","363635","130121"
"New Zealand","708132","363422","542534","226043","242459","386804","319173","165086","264406","127831"
"Iceland","14554","28748","580","12108","8034","7240","8168","24041","","112935"
"Luxembourg","57261","40975","60397","38398","1582","16327","8373","585","25709","109794"
"Denmark","628012","440964","297415","335475","634331","296025","238203","163746","250697","101655"
"Kuwait","153144","49850","50545","55909","80300","64563","67233","53687","135157","90610"
"Romania","273292","1635716","174680","948639","2131063","73243","89212","29071","83204","85810"
"Indonesia","295309","494134","190858","1272030","155679","320656","732309","270006","325546","85467"
"Sri Lanka","23140","49415","57514","18701","30075","17868","13967","16128","73189","78547"
"Oman (formerly Muscat and Oman)","121678","51126","33167","161486","1124693","70016","43997","37474","40130","75820"
"Ecuador","246931","150904","143049","45915","54463","28231","41188","75193","59704","73128"
"Ireland","2183792","1107722","630065","612898","1713144","870674","200596","160927","181955","72961"
"Algeria","34384","17612","46417","4756","95366","55638","86133","239787","415855","68185"
"Costa Rica","235666","166697","141398","78220","143829","61680","33475","57215","74274","65124"
"Ukraine","34831","7932","14978","3548","5480","60652","34818","1563","6427","63745"
"Estonia","68517","14181","11102","2146","8417","5039","14728","113867","3963","63690"
"Slovakia","1049927","604733","1008032","547677","899835","567322","130707","250884","70368","50700"
"Kenya","42903","4114","24421","148440","11284","41657","28630","26997","4223","39644"
"Pakistan","227052","25116","92895","69653","11084","48074","589260","580510","214421","39016"
"Macedonia","1587","9","2298","504","","","","6124","16925","37365"
"Honduras","8182","20034","46844","8855","12411","76416","84666","21046","48226","36598"
"Venezuela","897155","77384","39706","40614","4852","256263","26504","31335","78300","36558"
"Iraq","2383","4212","5232","1500","8954","34797","74169","41746","49789","32488"
"Bulgaria","47984","93975","83151","107589","22767","34562","67626","46168","26326","31861"
"Yemen","5328","66","364","","369","29779","8592","","","31319"
"Nicaragua","17070","","17673","9467","5216","15594","14047","7514","8912","27369"
"Dominican Republic","15216","52686","3566","135380","72112","37353","34729","11915","60057","25233"
"Mongolia","","","","12598","423","53042","","37679","10629","25233"
"Kazakhstan","1166993","827739","1214883","1722468","1215397","454196","215717","399313","169410","24676"
"El Salvador","320494","68047","288104","","527728","10493","7867","17672","15574","24601"
"Sudan","415","253","16627","4967","","2768","7119","","","23750"
"Portugal","403975","517215","202745","518456","297315","75834","364382","101156","48495","22550"
"Bangladesh","17781","10595","44579","33818","14960","60168","331395","83061","46005","22332"
"Albania","14021","1877","","935","","1461","252","7653","630","21042"
"Mali","362","","","3990","3981","14209","","","1438","18868"
"Ethiopia","9311","","7512","","307149","33137","63204","","2467","18648"
"Senegal","7130","64702","21037","20","3756","","","","160","16440"
"Suriname","","","","","30","7980","17","21855","26967","15948"
"Trinidad and Tobago","262525","392395","159788","149939","43405","44854","144748","73166","84484","15583"
"Uruguay","48076","280660","24475","8564","79283","26305","36972","76009","48402","14964"
"Jamaica","83724","29939","44792","49991","43819","15186","15146","9852","16416","12931"
"Kyrgyzstan","","45172","3942","182","518","","626","729","","12243"
"Cyprus","34646","60460","27930","29689","57675","6055","1029","3003","77","11732"
"Lithuania","204596","68982","51567","40407","27550","112057","172480","99853","22464","11168"
"Slovenia","17591","29560","78474","19592","27059","4855","30597","22790","10924","10727"
"Cameroon","13461","22947","10","8623","6975","20","","11036","24806","10556"
"Serbia","65028","35191","48463","37925","26773","13741","100869","35518","28899","10214"
"Bosnia-Hercegovina","8387","282","88","3914","3554","406","11089","2914","1817","9925"
"Myanmar (Burma)","","","2439","","","","","99428","","9683"
"Barbados","172606","28643","31171","13015","9929","17893","14868","116579","82370","8907"
"Latvia","22396","62528","4549","424","2111","21307","5932","4070","7393","8523"
"Guinea","14203","2500","","40942","12954","12813","21844","14367","","8408"
"Georgia","270","8559","5","","606","","43162","11","18801","7765"
"Zambia (Zambi)","1136","","1230","132","372","356","561","11954","245","7387"
"Macau (Macao)","83584","31862","4212","6142","10","25323","11794","275","196","7153"
"Nigeria","22127","91124","32112","260389","5430","100680","31566","90501","65298","6451"
"Haiti","4286","20631","12","38472","306","6279","6815","22056","27207","5942"
"New Caledonia","47571","7089","21035","2061","2258","80","","","928","5913"
"Croatia","53282","55660","78452","37660","15828","97350","57571","8057","16013","5583"
"Bolivia","9498","10840","13173","36046","17998","5493","4486","3561","67628","5343"
"Bermuda","110041","97032","146366","4681","29630","69794","21979","31773","96","4876"
"Guam","1867","2785","22527","17536","","2514","3200","386","11377","3905"
"Brunei Darussalam","7403","14646","35","18891","44531","105708","100864","52871","51123","3618"
"Sint Maarten","","","","","","","","66","1583","2942"
"Côte-d'Ivoire","1472","5523","","16275","20","650","6069","60765","3028","2803"
"Dominica","3514","1304","","","1380","50283","","6982","675","2331"
"Swaziland","2537","836","15347","","17012","10739","5417","9004","","2073"
"Azerbaijan","49069","10711","35","40","1033","40","1128","91412","8178","2045"
"Mauritius","717","5300","","9933","39177","65","11995","4066","638","1937"
"Ghana","12702","9000","9018","15269","21182","4199","20267","15856","27555","1469"
"Guyana","2028","6","32","4128","1846","8992","5529","4241","7447","1407"
"Burkina Faso","66","2220","","10286","1175","22492","4458","857598","5259","1334"
"Aruba","22814","8386","3917","28","14394","697","1016","6077","76","1253"
"Tanzania","15683","14393","65227","59954","1912","22083","10087","13006","7126","1193"
"British Virgin Islands","32095","4729","5938","2860","3698","604","233","","189","1024"
"Bonaire, Sint Eustatius and Saba","","","","","","","","","","774"
"Saint Lucia","10813","28064","7367","","1329","7027","30599","1912","157","673"
"Cayman Islands","78498","40370","5220","14634","1329","81","4193","489","5834","670"
"Saint Pierre-Miquelon","9049","50000","9000","72","5101","1142","3359","","2853","579"
"Niger","","4875","83969","","1600","2610","262080","","","563"
"Iran","368644","28912","19088","16788","27931","2540","","","2744","464"
"Belize","13621","904","","10512","790","","3554","112","2025","435"
"U.S. Minor Outlying Islands","10794","1042","1995","1992","","","","44","4710","380"
"Chad","12216","","60","","85","2239","25348","94","206","329"
"Saint Kitts and Nevis","10535","","220","2010","3370","","1055","4404","","301"
"Antigua and Barbuda","28941","2920","4","","8438","1493","56","1750","691","247"
"Namibia","17823","","","","1462","4431","","7103","2104","211"
"Tunisia","708965","12121","13099","3878","30244","15352","14812","17987","3430","206"
"Botswana","39468","","","","","5382","5459","1458","31","126"
"Mauritania","","","","20360","","24635","12310","","","116"
"Saint Vincent and the Grenadines","26878","1190","1702","","","2","233","","2459","66"
"Turks and Caicos Islands","5383","50","644","5764","","41","42","","450","54"
"Libya","5374","52115","23556","16668","","10897","44425","9308","296016","53"
"Armenia","38","637","50119","3068","40","3427","60","21407","","28"
"Laos","4325","","2202","744","","20","2548","","3768","19"
"Malta","4722","4634","","5932","","4617","207","","25633",""
"Eritrea","","8245","","1225","","2531","","11728","13306",""
"Cambodia (Kampuchea)","1","4030","9023","","44801","","1941","3693","11847",""
"Nepal","","19958","29526","19818","","24037","1574632","","6223",""
"Fiji","4387","","","564","","1521","","","6064",""
"Gabon","5974","14623","2325","","6353","","7767","","5118",""
"Faeroe Islands","2100","","8046","","","675","","","4500",""
"Bahamas","76939","134139","20696","17838","12383","16811","56983","523","2972",""
"Cape Verde","","","","","","","","","2578",""
"Uganda","49055","3566","32607","20732","2254","3974","2249","515","2231",""
"Greenland","316388","252094","161758","59793","12349","","","55","1385",""
"Grenada","75727","26242","20407","3624","3971","1325","","","1350",""
"Rwanda","","","11671","78","","41242","","","720",""
"Falkland Islands","","","","","","","","","557",""
"Heard and McDonald Island","","","","","","","","","199",""
"Andorra","","","","","","","","","165",""
"Curacao","","","","","","","","516","78",""
"Turkmenistan","1158","","","","104896","57491","389999","272778","",""
"Equatorial Guinea","1023","","136","","10","","","63218","",""
"Afghanistan","86293","84015","8354","6334","1183","46","314","34766","",""
"Seychelles","","","","","12974","25408","59513","23736","",""
"Congo (formerly Zaire)","12036","7924","13125","44437","1471","3776","12348","16942","",""
"Congo (formerly Brazzaville)","15133","41937","9694","4723","17302","5639","680","14904","",""
"Moldova","3970","","656849","","","64489","","3180","",""
"Montserrat","","","","","","","1510","2585","",""
"Vanuatu (New Hebrides)","","40","","","","","","868","",""
"French Polynesia","20072","20110","20666","5342","1482","","","475","",""
"Djibouti","","","","","","","12070","421","",""
"Papua New Guinea","3752","6668","17100","2057","","16357","1662","280","",""
"Uzbekistan","","","","","21399","","","128","",""
"Antartica","","","","","3049","","","94","",""
"Anguilla","5642","550","4310","","","","50","6","",""
"Belarus (formerly Byelorussia)","4960","42520","","6464","10748","","","5","",""
"Gibraltar","87365","49436","16247","","3772","5922","2107","","",""
"British Indian Ocean Territories","","1760","233","","","","1147","","",""
"Netherlands Antilles","14502","11003","36923","12396","415962","4794","671","","",""
"Montenegro","","","2185","","","468","164","","",""
"Zimbabwe","409","492","53049","8782","700","","26","","",""
"Maldives","3624","","2613","","10468","1687","","","",""
"Solomon Islands","","","","","","1565","","","",""
"Syria","31924","6213","15","2811","3279","1112","","","",""
"Togo","775","","","","","630","","","",""
"Sierra Leone","6372","24","73","15720","","389","","","",""
"Mozambique","","","","20","49","20","","","",""
"Malawi","","","","","","10","","","",""
"Korea, North","40450","31834","6965","7699","1","","","","",""
"Tajikistan","","","","12630","","","","","",""
"American Samoa","","","","4946","","","","","",""
"Bhutan","","4820","","942","","","","","",""
"Samoa (Western)","","","","228","","","","","",""
"Liberia","","6","","204","","","","","",""
"Benin","2841","12536","","20","","","","","",""
"Burundi","","8000","","","","","","","",""
"Pitcairn Island","","2573","","","","","","","",""
"Kiribati","65","","","","","","","","",""
"Cocos (Keeling) Islands","6","","","","","","","","",""
"Comoros","3","","","","","","","","",""
"Sub-Total","479589096","410003409","357070720","350188641","300236843","280691709","231257668","232590814","327085858","297613614"
"Total All Countries","4713918231","4875700925","4281869649","4193569357","4438713474","4581214056","4677321130","5069695132","6061197678","6174785803"

"Source: Trade Data Online (accessed: September 26, 2017)"



